variant,clinvar_label,am_pathogenicity,pred_score,ci_lo,ci_hi,pred_class,correct,source
G1738E,Pathogenic,0.9804,-1.1395,-1.303,-0.9387,pathogenic,True,original_20
S1655P,Pathogenic,0.9541,-1.0711,-1.2399,-0.8477,pathogenic,True,new_28
S1841R,Pathogenic,0.9963,-1.0612,-1.2396,-0.8913,pathogenic,True,original_20
G1706R,Pathogenic,0.9885,-1.0594,-1.213,-0.8344,pathogenic,True,original_20
Y1703S,Pathogenic,0.98,-0.9973,-1.1742,-0.7539,pathogenic,True,original_20
F1761S,Pathogenic,0.9848,-0.9857,-1.1594,-0.771,pathogenic,True,new_28
L1786P,Pathogenic,0.9609,-0.9837,-1.1689,-0.7322,pathogenic,True,new_28
W1837R,Pathogenic,0.9976,-0.9768,-1.1808,-0.7362,pathogenic,True,new_28
S1715R,Pathogenic,0.9947,-0.9698,-1.1354,-0.751,pathogenic,True,original_20
V1838E,Pathogenic,0.9708,-0.9537,-1.1542,-0.7417,pathogenic,True,original_20
G1788V,Pathogenic,0.9249,-0.9417,-1.1481,-0.574,pathogenic,True,new_28
T1685I,Pathogenic,0.9339,-0.8843,-1.1071,-0.4014,pathogenic,True,new_28
L1839S,Pathogenic,0.9413,-0.8701,-1.1078,-0.5445,pathogenic,True,original_20
L1764P,Pathogenic,0.9211,-0.7368,-1.0043,-0.4414,pathogenic,True,new_28
D1692H,Pathogenic,0.8871,-0.675,-0.8889,-0.4118,pathogenic,True,new_28
F1734I,Pathogenic,0.8768,-0.6491,-0.8462,-0.4574,pathogenic,True,new_28
R1699W,Pathogenic,0.8237,-0.6219,-0.7926,-0.4638,pathogenic,True,new_28
M1775R,Pathogenic,0.893,-0.4868,-0.7723,-0.2973,pathogenic,True,original_20
V1736A,Pathogenic,0.8955,-0.4795,-0.8682,-0.1891,pathogenic,True,new_28
L1854P,Pathogenic,0.8666,-0.4776,-0.7418,-0.3028,pathogenic,True,new_28
W1718L,Pathogenic,0.847,-0.4758,-0.7484,-0.2576,pathogenic,True,original_20
V1713A,Pathogenic,0.8076,-0.3924,-0.6323,-0.1922,pathogenic,True,new_28
A1789T,Pathogenic,0.6958,-0.3587,-0.5454,-0.1988,pathogenic,True,new_28
M1652T,Benign,0.6823,-0.3473,-0.6371,-0.1406,pathogenic,False,new_28
I1760S,Pathogenic,0.8356,-0.3421,-0.5333,-0.183,pathogenic,True,original_20
P1859R,Benign,0.0905,-0.2658,-0.4495,-0.0907,pathogenic,False,new_28
H1862L,Benign,0.094,-0.2443,-0.4181,-0.1088,pathogenic,False,original_20
K1606E,Benign,0.0708,-0.2204,-0.317,-0.1184,pathogenic,False,new_28
S1577P,Benign,0.1243,-0.1619,-0.2782,-0.0501,benign,True,new_28
A1584S,Benign,0.093,-0.1578,-0.2586,-0.0618,benign,True,new_28
F1662S,Benign,0.1159,-0.1562,-0.2806,-0.0687,benign,True,new_28
N1819S,Benign,0.0566,-0.148,-0.2631,-0.0339,benign,True,new_28
P1614S,Benign,0.0853,-0.1464,-0.2407,-0.051,benign,True,new_28
E1794G,Benign,0.1211,-0.132,-0.2324,-0.0517,benign,True,original_20
P1831S,Benign,0.0974,-0.1241,-0.2344,-0.0175,benign,True,original_20
D1733G,Benign,0.1426,-0.1229,-0.2144,-0.0431,benign,True,original_20
S1797C,Benign,0.0862,-0.1176,-0.2338,-0.0422,benign,True,original_20
I1858L,Benign,0.0858,-0.0908,-0.2138,0.007,benign,True,new_28
I1723T,Benign,0.4528,-0.0861,-0.1779,-0.0087,benign,True,new_28
P1856S,Benign,0.1017,-0.0811,-0.1799,0.0075,benign,True,new_28
M1827L,Benign,0.0899,-0.0801,-0.2125,0.0314,benign,True,new_28
E1829T,Benign,0.1647,-0.0741,-0.1584,0.0131,benign,True,original_20
T1675I,Benign,0.1126,-0.0728,-0.1383,0.0019,benign,True,new_28
E1682K,Benign,0.0849,-0.0704,-0.1782,0.0069,benign,True,new_28
K1793Q,Benign,0.1485,-0.061,-0.1601,0.0112,benign,True,original_20
V1736I,Benign,0.188,-0.0605,-0.2224,0.0449,benign,True,original_20
T1773S,Benign,0.191,-0.0411,-0.1108,0.0101,benign,True,original_20
I1766V,Benign,0.0964,-0.0289,-0.1406,0.0772,benign,True,original_20
