variant,clinvar_label,am_pathogenicity,pred_score,ci_lo,ci_hi,pred_class,correct,auroc,accuracy,balanced_accuracy,sensitivity,specificity
G1738E,pathogenic,0.9804,-1.1035,-1.2753,-0.8619,pathogenic,True,1.0,0.95,0.95,1.0,0.9
S1841R,pathogenic,0.9963,-1.0202,-1.2053,-0.8204,pathogenic,True,1.0,0.95,0.95,1.0,0.9
G1706R,pathogenic,0.9885,-0.972,-1.1814,-0.6641,pathogenic,True,1.0,0.95,0.95,1.0,0.9
V1838E,pathogenic,0.9708,-0.9291,-1.1161,-0.6777,pathogenic,True,1.0,0.95,0.95,1.0,0.9
S1715R,pathogenic,0.9947,-0.9184,-1.1056,-0.6928,pathogenic,True,1.0,0.95,0.95,1.0,0.9
Y1703S,pathogenic,0.98,-0.9027,-1.1069,-0.6303,pathogenic,True,1.0,0.95,0.95,1.0,0.9
L1839S,pathogenic,0.9413,-0.7718,-0.992,-0.4258,pathogenic,True,1.0,0.95,0.95,1.0,0.9
M1775R,pathogenic,0.893,-0.4826,-0.8114,-0.2673,pathogenic,True,1.0,0.95,0.95,1.0,0.9
W1718L,pathogenic,0.847,-0.4192,-0.7134,-0.2267,pathogenic,True,1.0,0.95,0.95,1.0,0.9
I1760S,pathogenic,0.8356,-0.353,-0.6199,-0.1881,pathogenic,True,1.0,0.95,0.95,1.0,0.9
H1862L,benign,0.094,-0.2321,-0.3914,-0.1009,pathogenic,False,1.0,0.95,0.95,1.0,0.9
E1794G,benign,0.1211,-0.1183,-0.2115,-0.0344,benign,True,1.0,0.95,0.95,1.0,0.9
S1797C,benign,0.0862,-0.1171,-0.2844,-0.0199,benign,True,1.0,0.95,0.95,1.0,0.9
D1733G,benign,0.1426,-0.0974,-0.1985,-0.008,benign,True,1.0,0.95,0.95,1.0,0.9
P1831S,benign,0.0974,-0.0804,-0.222,0.0124,benign,True,1.0,0.95,0.95,1.0,0.9
V1736I,benign,0.188,-0.0706,-0.2151,0.0495,benign,True,1.0,0.95,0.95,1.0,0.9
K1793Q,benign,0.1485,-0.0614,-0.1657,0.0225,benign,True,1.0,0.95,0.95,1.0,0.9
E1829T,benign,0.1647,-0.0533,-0.1339,0.0314,benign,True,1.0,0.95,0.95,1.0,0.9
T1773S,benign,0.191,-0.0488,-0.1169,0.0219,benign,True,1.0,0.95,0.95,1.0,0.9
I1766V,benign,0.0964,-0.0331,-0.1686,0.0776,benign,True,1.0,0.95,0.95,1.0,0.9
