variant,clinvar_label,am_pathogenicity,pred_score,ci_lo,ci_hi,pred_class
H1746Q,VUS,0.9655,-0.9323,-1.1251,-0.6796,Pathogenic
R1699P,VUS,0.9776,-0.8628,-1.0803,-0.5643,Pathogenic
F1704L,VUS,0.9734,-0.8152,-1.0306,-0.5074,Pathogenic
M1783T,Conflicting,0.9071,-0.4941,-1.0075,-0.164,Pathogenic
H1746P,VUS,0.8671,-0.4452,-0.7838,-0.154,Pathogenic
A1708V,Conflicting,0.6381,-0.4208,-0.658,-0.1996,Pathogenic
M1689T,Conflicting,0.8373,-0.4077,-0.7274,-0.1913,Pathogenic
G1743A,VUS,0.769,-0.3934,-0.6901,-0.1939,Pathogenic
S1580F,VUS,0.1449,-0.3036,-0.4847,-0.1672,Pathogenic
V1696L,VUS,0.7686,-0.2989,-0.5784,-0.1139,Pathogenic
G1763V,Conflicting,0.4875,-0.2639,-0.5104,-0.084,Pathogenic
H1618Y,VUS,0.0842,-0.1981,-0.3133,-0.085,Pathogenic
R1835Q,Conflicting,0.4786,-0.1904,-0.3845,-0.0567,Pathogenic
G1591S,VUS,0.0937,-0.1473,-0.2921,-0.031,Benign
V1714I,VUS,0.1323,-0.1421,-0.4183,0.0288,Benign
R1645T,Conflicting,0.0664,-0.1389,-0.2456,-0.0393,Benign
P1831R,Conflicting,0.1004,-0.1367,-0.2968,-0.0182,Benign
N1592K,Conflicting,0.1492,-0.1294,-0.2715,-0.0145,Benign
A1789S,Conflicting,0.2554,-0.1181,-0.272,0.0126,Benign
A1669S,Conflicting,0.1635,-0.1057,-0.2429,0.0103,Benign
D1778G,Conflicting,0.1287,-0.1033,-0.2265,0.012,Benign
M1783L,Conflicting,0.4261,-0.0834,-0.2154,0.0408,Benign
Y1769C,Conflicting,0.078,-0.0627,-0.1508,0.0222,Benign
T1658I,VUS,0.3335,-0.059,-0.1559,0.0319,Benign
V1810A,Conflicting,0.3997,-0.0435,-0.141,0.0274,Benign
E1829K,VUS,0.0759,-0.0408,-0.1341,0.0387,Benign
D1778E,VUS,0.1678,-0.0306,-0.2169,0.0829,Benign
S1841T,VUS,0.2983,-0.0074,-0.12,0.0715,Benign
