variant,clinvar_label,am_pathogenicity,pred_score,ci_lo,ci_hi,pred_class,correct
G1738E,Pathogenic,0.9804,-1.1129,-1.2831,-0.8662,Pathogenic,True
S1655P,Pathogenic,0.9541,-1.0274,-1.2073,-0.8073,Pathogenic,True
S1841R,Pathogenic,0.9963,-1.0191,-1.2044,-0.8224,Pathogenic,True
G1706R,Pathogenic,0.9885,-0.9747,-1.1712,-0.6735,Pathogenic,True
L1786P,Pathogenic,0.9609,-0.9348,-1.1155,-0.7165,Pathogenic,True
V1838E,Pathogenic,0.9708,-0.9259,-1.101,-0.6606,Pathogenic,True
F1761S,Pathogenic,0.9848,-0.9253,-1.1079,-0.6816,Pathogenic,True
S1715R,Pathogenic,0.9947,-0.9242,-1.114,-0.6854,Pathogenic,True
W1837R,Pathogenic,0.9976,-0.8929,-1.107,-0.631,Pathogenic,True
Y1703S,Pathogenic,0.98,-0.8911,-1.0864,-0.5882,Pathogenic,True
G1788V,Pathogenic,0.9249,-0.887,-1.1167,-0.4841,Pathogenic,True
T1685I,Pathogenic,0.9339,-0.8183,-1.039,-0.3321,Pathogenic,True
L1839S,Pathogenic,0.9413,-0.7626,-0.965,-0.3963,Pathogenic,True
D1692H,Pathogenic,0.8871,-0.724,-0.963,-0.419,Pathogenic,True
L1764P,Pathogenic,0.9211,-0.7157,-0.9458,-0.4228,Pathogenic,True
F1734I,Pathogenic,0.8768,-0.6181,-0.8527,-0.4024,Pathogenic,True
R1699W,Pathogenic,0.8237,-0.5845,-0.8457,-0.3724,Pathogenic,True
M1775R,Pathogenic,0.893,-0.4668,-0.8081,-0.2428,Pathogenic,True
L1854P,Pathogenic,0.8666,-0.4543,-0.736,-0.2801,Pathogenic,True
V1736A,Pathogenic,0.8955,-0.4507,-0.8645,-0.1497,Pathogenic,True
W1718L,Pathogenic,0.847,-0.408,-0.7168,-0.1933,Pathogenic,True
M1652T,Benign,0.6823,-0.3953,-0.7067,-0.1814,Pathogenic,False
I1760S,Pathogenic,0.8356,-0.3516,-0.5927,-0.1849,Pathogenic,True
V1713A,Pathogenic,0.8076,-0.3457,-0.6237,-0.1625,Pathogenic,True
A1789T,Pathogenic,0.6958,-0.3142,-0.5626,-0.1427,Pathogenic,True
P1859R,Benign,0.0905,-0.2867,-0.4765,-0.1106,Pathogenic,False
H1862L,Benign,0.094,-0.246,-0.409,-0.0988,Pathogenic,False
K1606E,Benign,0.0708,-0.2185,-0.339,-0.1127,Pathogenic,False
S1577P,Benign,0.1243,-0.1569,-0.2888,-0.0508,Benign,True
A1584S,Benign,0.093,-0.1559,-0.2766,-0.0466,Benign,True
N1819S,Benign,0.0566,-0.1506,-0.2594,-0.0404,Benign,True
P1614S,Benign,0.0853,-0.1453,-0.2637,-0.0493,Benign,True
F1662S,Benign,0.1159,-0.1343,-0.2697,-0.051,Benign,True
S1797C,Benign,0.0862,-0.1177,-0.2775,-0.0141,Benign,True
E1794G,Benign,0.1211,-0.115,-0.217,-0.0377,Benign,True
D1733G,Benign,0.1426,-0.0977,-0.206,-0.01,Benign,True
I1723T,Benign,0.4528,-0.0897,-0.2022,-0.0014,Benign,True
I1858L,Benign,0.0858,-0.088,-0.2308,0.0124,Benign,True
P1831S,Benign,0.0974,-0.0879,-0.2301,0.0083,Benign,True
M1827L,Benign,0.0899,-0.0869,-0.212,0.0119,Benign,True
P1856S,Benign,0.1017,-0.0786,-0.1679,0.0228,Benign,True
V1736I,Benign,0.188,-0.0766,-0.2599,0.0549,Benign,True
K1793Q,Benign,0.1485,-0.066,-0.1787,0.0143,Benign,True
E1829T,Benign,0.1647,-0.0566,-0.1389,0.0205,Benign,True
T1773S,Benign,0.191,-0.0536,-0.1281,0.0185,Benign,True
E1682K,Benign,0.0849,-0.0515,-0.1589,0.0282,Benign,True
T1675I,Benign,0.1126,-0.0438,-0.103,0.0226,Benign,True
I1766V,Benign,0.0964,-0.0322,-0.1626,0.0818,Benign,True
